{"cameraMode":{"drawMode":0,"name":"Shaded","section":"Shading Mode"},"sceneLighting":true,"audioPlay":false,"sceneViewState":{"showFog":true,"showMaterialUpdate":false,"showSkybox":true,"showFlares":true,"showImageEffects":true,"showParticleSystems":true},"in2DMode":false,"pivot":{"x":-17.889816284179689,"y":8.343177795410157,"z":-39.712303161621097},"rotation":{"x":0.19526168704032899,"y":-0.5469726324081421,"z":0.1329841911792755,"w":0.8031247854232788},"size":90.84364318847656,"orthographic":false}